,Batch,Input_Feature,Length,Hidden_Feature,Layer,Bidirectional,Device,Time,Mult-Adds,Params
0,1,16,16,16,2,True,cuda,0.00028753042221069336,172032,10752
1,1,16,16,16,2,False,cuda,0.00023892402648925781,69632,4352
2,1,16,16,16,4,True,cuda,0.00045670270919799804,376832,23552
3,1,16,16,16,4,False,cuda,0.0002805018424987793,139264,8704
4,1,16,16,64,2,True,cuda,0.00046030044555664065,2260992,141312
5,1,16,16,64,2,False,cuda,0.00026904821395874024,868352,54272
6,1,16,16,64,4,True,cuda,0.0007449793815612793,5439488,339968
7,1,16,16,64,4,False,cuda,0.00044645309448242186,1933312,120832
8,1,16,16,256,2,True,cuda,0.0007402873039245605,34209792,2138112
9,1,16,16,256,2,False,cuda,0.0005978107452392578,12910592,806912
10,1,16,16,256,4,True,cuda,0.0014000964164733887,84672512,5292032
11,1,16,16,256,4,False,cuda,0.0009053301811218262,29753344,1859584
12,1,16,16,1024,2,True,cuda,0.005069317817687988,539492352,33718272
13,1,16,16,1024,2,False,cuda,0.002720825672149658,202637312,12664832
14,1,16,16,1024,4,True,cuda,0.010506608486175538,1345323008,84082688
15,1,16,16,1024,4,False,cuda,0.005429248809814453,471334912,29458432
16,1,16,64,16,2,True,cuda,0.0003945612907409668,688128,10752
17,1,16,64,16,2,False,cuda,0.0002827334403991699,278528,4352
18,1,16,64,16,4,True,cuda,0.0005189085006713867,1507328,23552
19,1,16,64,16,4,False,cuda,0.0003550529479980469,557056,8704
20,1,16,64,64,2,True,cuda,0.00045209407806396485,9043968,141312
21,1,16,64,64,2,False,cuda,0.00029375791549682615,3473408,54272
22,1,16,64,64,4,True,cuda,0.0006885385513305664,21757952,339968
23,1,16,64,64,4,False,cuda,0.000402531623840332,7733248,120832
24,1,16,64,256,2,True,cuda,0.002159719467163086,136839168,2138112
25,1,16,64,256,2,False,cuda,0.0014600419998168945,51642368,806912
26,1,16,64,256,4,True,cuda,0.004102954864501953,338690048,5292032
27,1,16,64,256,4,False,cuda,0.0024135446548461913,119013376,1859584
28,1,16,64,1024,2,True,cuda,0.018770627975463867,2157969408,33718272
29,1,16,64,1024,2,False,cuda,0.009969422817230225,810549248,12664832
30,1,16,64,1024,4,True,cuda,0.038617713451385496,5381292032,84082688
31,1,16,64,1024,4,False,cuda,0.01979541540145874,1885339648,29458432
32,1,16,256,16,2,True,cuda,0.001009812355041504,2752512,10752
33,1,16,256,16,2,False,cuda,0.0006308460235595703,1114112,4352
34,1,16,256,16,4,True,cuda,0.0014769983291625976,6029312,23552
35,1,16,256,16,4,False,cuda,0.0008836817741394043,2228224,8704
36,1,16,256,64,2,True,cuda,0.0010037994384765624,36175872,141312
37,1,16,256,64,2,False,cuda,0.0007505106925964355,13893632,54272
38,1,16,256,64,4,True,cuda,0.0017135095596313476,87031808,339968
39,1,16,256,64,4,False,cuda,0.001035480499267578,30932992,120832
40,1,16,256,256,2,True,cuda,0.007704935073852539,547356672,2138112
41,1,16,256,256,2,False,cuda,0.004439909458160401,206569472,806912
42,1,16,256,256,4,True,cuda,0.014835202693939209,1354760192,5292032
43,1,16,256,256,4,False,cuda,0.0084541916847229,476053504,1859584
44,1,16,256,1024,2,True,cuda,0.07396041631698608,8631877632,33718272
45,1,16,256,1024,2,False,cuda,0.037110989093780515,3242196992,12664832
46,1,16,256,1024,4,True,cuda,0.15184515476226806,21525168128,84082688
47,1,16,256,1024,4,False,cuda,0.07273983478546142,7541358592,29458432
48,1,16,1024,16,2,True,cuda,0.003240084648132324,11010048,10752
49,1,16,1024,16,2,False,cuda,0.0019166874885559082,4456448,4352
50,1,16,1024,16,4,True,cuda,0.005115211009979248,24117248,23552
51,1,16,1024,16,4,False,cuda,0.002980968952178955,8912896,8704
52,1,16,1024,64,2,True,cuda,0.003307335376739502,144703488,141312
53,1,16,1024,64,2,False,cuda,0.0020996785163879396,55574528,54272
54,1,16,1024,64,4,True,cuda,0.005851559638977051,348127232,339968
55,1,16,1024,64,4,False,cuda,0.00329331636428833,123731968,120832
56,1,16,1024,256,2,True,cuda,0.029384567737579345,2189426688,2138112
57,1,16,1024,256,2,False,cuda,0.01719590425491333,826277888,806912
58,1,16,1024,256,4,True,cuda,0.0694126296043396,5419040768,5292032
59,1,16,1024,256,4,False,cuda,0.033107247352600094,1904214016,1859584
60,1,16,1024,1024,2,True,cuda,0.2915681457519531,34527510528,33718272
61,1,16,1024,1024,2,False,cuda,0.14812957048416137,12968787968,12664832
62,1,16,1024,1024,4,True,cuda,0.5906088805198669,86100672512,84082688
63,1,16,1024,1024,4,False,cuda,0.28527414321899414,30165434368,29458432
64,1,16,2048,16,2,True,cuda,0.0059682798385620114,22020096,10752
65,1,16,2048,16,2,False,cuda,0.0035816121101379396,8912896,4352
66,1,16,2048,16,4,True,cuda,0.010240273475646973,48234496,23552
67,1,16,2048,16,4,False,cuda,0.005716991424560547,17825792,8704
68,1,16,2048,64,2,True,cuda,0.006378629207611084,289406976,141312
69,1,16,2048,64,2,False,cuda,0.003786673545837402,111149056,54272
70,1,16,2048,64,4,True,cuda,0.01124053955078125,696254464,339968
71,1,16,2048,64,4,False,cuda,0.00627199649810791,247463936,120832
72,1,16,2048,256,2,True,cuda,0.06867069244384766,4378853376,2138112
73,1,16,2048,256,2,False,cuda,0.041020073890686036,1652555776,806912
74,1,16,2048,256,4,True,cuda,0.12689083099365234,10838081536,5292032
75,1,16,2048,256,4,False,cuda,0.0763260269165039,3808428032,1859584
76,1,16,2048,1024,2,True,cuda,0.5808357763290405,69055021056,33718272
77,1,16,2048,1024,2,False,cuda,0.29588817358016967,25937575936,12664832
78,1,16,2048,1024,4,True,cuda,1.1722862505912781,172201345024,84082688
79,1,16,2048,1024,4,False,cuda,0.5685452938079834,60330868736,29458432
80,1,64,16,16,2,True,cuda,0.00026414632797241213,270336,16896
81,1,64,16,16,2,False,cuda,0.0002041459083557129,118784,7424
82,1,64,16,16,4,True,cuda,0.0002899169921875,475136,29696
83,1,64,16,16,4,False,cuda,0.00022729873657226563,188416,11776
84,1,64,16,64,2,True,cuda,0.0003130936622619629,2654208,165888
85,1,64,16,64,2,False,cuda,0.0001984548568725586,1064960,66560
86,1,64,16,64,4,True,cuda,0.00038326025009155273,5832704,364544
87,1,64,16,64,4,False,cuda,0.0002685856819152832,2129920,133120
88,1,64,16,256,2,True,cuda,0.0007698965072631836,35782656,2236416
89,1,64,16,256,2,False,cuda,0.0005249786376953125,13697024,856064
90,1,64,16,256,4,True,cuda,0.0012624812126159667,86245376,5390336
91,1,64,16,256,4,False,cuda,0.0008971714973449708,30539776,1908736
92,1,64,16,1024,2,True,cuda,0.0050827693939208985,545783808,34111488
93,1,64,16,1024,2,False,cuda,0.0027336812019348143,205783040,12861440
94,1,64,16,1024,4,True,cuda,0.01056560754776001,1351614464,84475904
95,1,64,16,1024,4,False,cuda,0.00545379638671875,474480640,29655040
96,1,64,64,16,2,True,cuda,0.0003990006446838379,1081344,16896
97,1,64,64,16,2,False,cuda,0.0002548050880432129,475136,7424
98,1,64,64,16,4,True,cuda,0.0005413556098937989,1900544,29696
99,1,64,64,16,4,False,cuda,0.000350649356842041,753664,11776
100,1,64,64,64,2,True,cuda,0.00043572664260864256,10616832,165888
101,1,64,64,64,2,False,cuda,0.0003055238723754883,4259840,66560
102,1,64,64,64,4,True,cuda,0.0006863236427307129,23330816,364544
103,1,64,64,64,4,False,cuda,0.0004066109657287598,8519680,133120
104,1,64,64,256,2,True,cuda,0.0022015380859375,143130624,2236416
105,1,64,64,256,2,False,cuda,0.0014237451553344726,54788096,856064
106,1,64,64,256,4,True,cuda,0.0042060017585754395,344981504,5390336
107,1,64,64,256,4,False,cuda,0.002411396503448486,122159104,1908736
108,1,64,64,1024,2,True,cuda,0.018859033584594728,2183135232,34111488
109,1,64,64,1024,2,False,cuda,0.009981327056884766,823132160,12861440
110,1,64,64,1024,4,True,cuda,0.03888826131820679,5406457856,84475904
111,1,64,64,1024,4,False,cuda,0.01976280450820923,1897922560,29655040
112,1,64,256,16,2,True,cuda,0.001000988483428955,4325376,16896
113,1,64,256,16,2,False,cuda,0.0006086826324462891,1900544,7424
114,1,64,256,16,4,True,cuda,0.0014996194839477538,7602176,29696
115,1,64,256,16,4,False,cuda,0.0009163904190063476,3014656,11776
116,1,64,256,64,2,True,cuda,0.0011039376258850098,42467328,165888
117,1,64,256,64,2,False,cuda,0.0007417416572570801,17039360,66560
118,1,64,256,64,4,True,cuda,0.001781902313232422,93323264,364544
119,1,64,256,64,4,False,cuda,0.001037757396697998,34078720,133120
120,1,64,256,256,2,True,cuda,0.007676186561584472,572522496,2236416
121,1,64,256,256,2,False,cuda,0.0043897867202758786,219152384,856064
122,1,64,256,256,4,True,cuda,0.014699440002441406,1379926016,5390336
123,1,64,256,256,4,False,cuda,0.008603105545043946,488636416,1908736
124,1,64,256,1024,2,True,cuda,0.07381358623504639,8732540928,34111488
125,1,64,256,1024,2,False,cuda,0.03708064556121826,3292528640,12861440
126,1,64,256,1024,4,True,cuda,0.15122300624847412,21625831424,84475904
127,1,64,256,1024,4,False,cuda,0.07266205310821533,7591690240,29655040
128,1,64,1024,16,2,True,cuda,0.003145296573638916,17301504,16896
129,1,64,1024,16,2,False,cuda,0.002025282382965088,7602176,7424
130,1,64,1024,16,4,True,cuda,0.00527064561843872,30408704,29696
131,1,64,1024,16,4,False,cuda,0.0029516053199768067,12058624,11776
132,1,64,1024,64,2,True,cuda,0.003483099937438965,169869312,165888
133,1,64,1024,64,2,False,cuda,0.002167365550994873,68157440,66560
134,1,64,1024,64,4,True,cuda,0.0059647679328918455,373293056,364544
135,1,64,1024,64,4,False,cuda,0.003376889228820801,136314880,133120
136,1,64,1024,256,2,True,cuda,0.028951146602630616,2290089984,2236416
137,1,64,1024,256,2,False,cuda,0.020299715995788573,876609536,856064
138,1,64,1024,256,4,True,cuda,0.06466531753540039,5519704064,5390336
139,1,64,1024,256,4,False,cuda,0.03216304063796997,1954545664,1908736
140,1,64,1024,1024,2,True,cuda,0.2915969395637512,34930163712,34111488
141,1,64,1024,1024,2,False,cuda,0.14830965518951417,13170114560,12861440
142,1,64,1024,1024,4,True,cuda,0.5906761765480042,86503325696,84475904
143,1,64,1024,1024,4,False,cuda,0.285497624874115,30366760960,29655040
144,1,64,2048,16,2,True,cuda,0.006040050983428955,34603008,16896
145,1,64,2048,16,2,False,cuda,0.0036598730087280275,15204352,7424
146,1,64,2048,16,4,True,cuda,0.010321784019470214,60817408,29696
147,1,64,2048,16,4,False,cuda,0.005696609020233155,24117248,11776
148,1,64,2048,64,2,True,cuda,0.006651501655578613,339738624,165888
149,1,64,2048,64,2,False,cuda,0.003965427875518799,136314880,66560
150,1,64,2048,64,4,True,cuda,0.01171804428100586,746586112,364544
151,1,64,2048,64,4,False,cuda,0.007488076686859131,272629760,133120
152,1,64,2048,256,2,True,cuda,0.0657666802406311,4580179968,2236416
153,1,64,2048,256,2,False,cuda,0.032728188037872315,1753219072,856064
154,1,64,2048,256,4,True,cuda,0.13816874265670775,11039408128,5390336
155,1,64,2048,256,4,False,cuda,0.07704541206359863,3909091328,1908736
156,1,64,2048,1024,2,True,cuda,0.580005190372467,69860327424,34111488
157,1,64,2048,1024,2,False,cuda,0.2969536256790161,26340229120,12861440
158,1,64,2048,1024,4,True,cuda,1.1745135116577148,173006651392,84475904
159,1,64,2048,1024,4,False,cuda,0.569241840839386,60733521920,29655040
160,1,256,16,16,2,True,cuda,0.00024435520172119143,663552,41472
161,1,256,16,16,2,False,cuda,0.00020653963088989257,315392,19712
162,1,256,16,16,4,True,cuda,0.0002787399291992187,868352,54272
163,1,256,16,16,4,False,cuda,0.0002164149284362793,385024,24064
164,1,256,16,64,2,True,cuda,0.00027904510498046877,4227072,264192
165,1,256,16,64,2,False,cuda,0.00021345376968383788,1851392,115712
166,1,256,16,64,4,True,cuda,0.0003970789909362793,7405568,462848
167,1,256,16,64,4,False,cuda,0.00028699636459350586,2916352,182272
168,1,256,16,256,2,True,cuda,0.0008226513862609863,42074112,2629632
169,1,256,16,256,2,False,cuda,0.00053969144821167,16842752,1052672
170,1,256,16,256,4,True,cuda,0.001457855701446533,92536832,5783552
171,1,256,16,256,4,False,cuda,0.0009136390686035156,33685504,2105344
172,1,256,16,1024,2,True,cuda,0.005143177509307861,570949632,35684352
173,1,256,16,1024,2,False,cuda,0.0027973222732543945,218365952,13647872
174,1,256,16,1024,4,True,cuda,0.010629136562347413,1376780288,86048768
175,1,256,16,1024,4,False,cuda,0.005504119396209717,487063552,30441472
176,1,256,64,16,2,True,cuda,0.0004455375671386719,2654208,41472
177,1,256,64,16,2,False,cuda,0.00028807640075683593,1261568,19712
178,1,256,64,16,4,True,cuda,0.0005454945564270019,3473408,54272
179,1,256,64,16,4,False,cuda,0.0003733682632446289,1540096,24064
180,1,256,64,64,2,True,cuda,0.00046480894088745116,16908288,264192
181,1,256,64,64,2,False,cuda,0.00034110069274902345,7405568,115712
182,1,256,64,64,4,True,cuda,0.0007126212120056152,29622272,462848
183,1,256,64,64,4,False,cuda,0.0004605913162231445,11665408,182272
184,1,256,64,256,2,True,cuda,0.0023786425590515137,168296448,2629632
185,1,256,64,256,2,False,cuda,0.0014048361778259278,67371008,1052672
186,1,256,64,256,4,True,cuda,0.004322347640991211,370147328,5783552
187,1,256,64,256,4,False,cuda,0.0026422238349914553,134742016,2105344
188,1,256,64,1024,2,True,cuda,0.01885286808013916,2283798528,35684352
189,1,256,64,1024,2,False,cuda,0.009995591640472413,873463808,13647872
190,1,256,64,1024,4,True,cuda,0.039166362285614015,5507121152,86048768
191,1,256,64,1024,4,False,cuda,0.019954874515533447,1948254208,30441472
192,1,256,256,16,2,True,cuda,0.0010677027702331544,10616832,41472
193,1,256,256,16,2,False,cuda,0.0007483530044555664,5046272,19712
194,1,256,256,16,4,True,cuda,0.0015340161323547364,13893632,54272
195,1,256,256,16,4,False,cuda,0.0009873509407043457,6160384,24064
196,1,256,256,64,2,True,cuda,0.0011020135879516602,67633152,264192
197,1,256,256,64,2,False,cuda,0.0007418036460876465,29622272,115712
198,1,256,256,64,4,True,cuda,0.0018210244178771973,118489088,462848
199,1,256,256,64,4,False,cuda,0.0010856032371520997,46661632,182272
200,1,256,256,256,2,True,cuda,0.007899043560028076,673185792,2629632
201,1,256,256,256,2,False,cuda,0.004610435962677002,269484032,1052672
202,1,256,256,256,4,True,cuda,0.015448479652404786,1480589312,5783552
203,1,256,256,256,4,False,cuda,0.008955600261688233,538968064,2105344
204,1,256,256,1024,2,True,cuda,0.07419346332550049,9135194112,35684352
205,1,256,256,1024,2,False,cuda,0.03730867624282837,3493855232,13647872
206,1,256,256,1024,4,True,cuda,0.15107351541519165,22028484608,86048768
207,1,256,256,1024,4,False,cuda,0.07292207479476928,7793016832,30441472
208,1,256,1024,16,2,True,cuda,0.003929030895233154,42467328,41472
209,1,256,1024,16,2,False,cuda,0.0025796771049499513,20185088,19712
210,1,256,1024,16,4,True,cuda,0.005816056728363037,55574528,54272
211,1,256,1024,16,4,False,cuda,0.0029874134063720705,24641536,24064
212,1,256,1024,64,2,True,cuda,0.003494277000427246,270532608,264192
213,1,256,1024,64,2,False,cuda,0.002152996063232422,118489088,115712
214,1,256,1024,64,4,True,cuda,0.006077308654785157,473956352,462848
215,1,256,1024,64,4,False,cuda,0.00341428279876709,186646528,182272
216,1,256,1024,256,2,True,cuda,0.02923952341079712,2692743168,2629632
217,1,256,1024,256,2,False,cuda,0.016988701820373535,1077936128,1052672
218,1,256,1024,256,4,True,cuda,0.06916611194610596,5922357248,5783552
219,1,256,1024,256,4,False,cuda,0.03262314796447754,2155872256,2105344
220,1,256,1024,1024,2,True,cuda,0.292705659866333,36540776448,35684352
221,1,256,1024,1024,2,False,cuda,0.1492373204231262,13975420928,13647872
222,1,256,1024,1024,4,True,cuda,0.5911855626106263,88113938432,86048768
223,1,256,1024,1024,4,False,cuda,0.28643098592758176,31172067328,30441472
224,1,256,2048,16,2,True,cuda,0.006404650211334228,84934656,41472
225,1,256,2048,16,2,False,cuda,0.003815939426422119,40370176,19712
226,1,256,2048,16,4,True,cuda,0.010551378726959229,111149056,54272
227,1,256,2048,16,4,False,cuda,0.005849249362945556,49283072,24064
228,1,256,2048,64,2,True,cuda,0.0069432854652404785,541065216,264192
229,1,256,2048,64,2,False,cuda,0.004050822257995606,236978176,115712
230,1,256,2048,64,4,True,cuda,0.011762638092041016,947912704,462848
231,1,256,2048,64,4,False,cuda,0.006507000923156738,373293056,182272
232,1,256,2048,256,2,True,cuda,0.06880922317504883,5385486336,2629632
233,1,256,2048,256,2,False,cuda,0.03280184507369995,2155872256,1052672
234,1,256,2048,256,4,True,cuda,0.13603682041168214,11844714496,5783552
235,1,256,2048,256,4,False,cuda,0.076712486743927,4311744512,2105344
236,1,256,2048,1024,2,True,cuda,0.582402093410492,73081552896,35684352
237,1,256,2048,1024,2,False,cuda,0.2982336664199829,27950841856,13647872
238,1,256,2048,1024,4,True,cuda,1.1749283599853515,176227876864,86048768
239,1,256,2048,1024,4,False,cuda,0.5700060963630676,62344134656,30441472
240,1,1024,16,16,2,True,cuda,0.00025986433029174806,2236416,139776
241,1,1024,16,16,2,False,cuda,0.00019984006881713868,1101824,68864
242,1,1024,16,16,4,True,cuda,0.0002830839157104492,2441216,152576
243,1,1024,16,16,4,False,cuda,0.0002017974853515625,1171456,73216
244,1,1024,16,64,2,True,cuda,0.0003331494331359863,10518528,657408
245,1,1024,16,64,2,False,cuda,0.000239260196685791,4997120,312320
246,1,1024,16,64,4,True,cuda,0.00045315742492675783,13697024,856064
247,1,1024,16,64,4,False,cuda,0.00032591819763183594,6062080,378880
248,1,1024,16,256,2,True,cuda,0.0007766127586364746,67239936,4202496
249,1,1024,16,256,2,False,cuda,0.0005542516708374023,29425664,1839104
250,1,1024,16,256,4,True,cuda,0.0014249658584594726,117702656,7356416
251,1,1024,16,256,4,False,cuda,0.0008737874031066894,46268416,2891776
252,1,1024,16,1024,2,True,cuda,0.005426552295684815,671612928,41975808
253,1,1024,16,1024,2,False,cuda,0.003071587085723877,268697600,16793600
254,1,1024,16,1024,4,True,cuda,0.010924210548400879,1477443584,92340224
255,1,1024,16,1024,4,False,cuda,0.0057388687133789066,537395200,33587200
256,1,1024,64,16,2,True,cuda,0.0005486130714416504,8945664,139776
257,1,1024,64,16,2,False,cuda,0.00039420127868652346,4407296,68864
258,1,1024,64,16,4,True,cuda,0.0006880974769592286,9764864,152576
259,1,1024,64,16,4,False,cuda,0.0004620242118835449,4685824,73216
260,1,1024,64,64,2,True,cuda,0.0006094026565551758,42074112,657408
261,1,1024,64,64,2,False,cuda,0.00041604042053222656,19988480,312320
262,1,1024,64,64,4,True,cuda,0.0009260368347167969,54788096,856064
263,1,1024,64,64,4,False,cuda,0.0005217695236206055,24248320,378880
264,1,1024,64,256,2,True,cuda,0.003269529342651367,268959744,4202496
265,1,1024,64,256,2,False,cuda,0.0019945549964904786,117702656,1839104
266,1,1024,64,256,4,True,cuda,0.004865086078643799,470810624,7356416
267,1,1024,64,256,4,False,cuda,0.0029352521896362305,185073664,2891776
268,1,1024,64,1024,2,True,cuda,0.019116182327270508,2686451712,41975808
269,1,1024,64,1024,2,False,cuda,0.010452463626861572,1074790400,16793600
270,1,1024,64,1024,4,True,cuda,0.03918313264846802,5909774336,92340224
271,1,1024,64,1024,4,False,cuda,0.020294222831726074,2149580800,33587200
272,1,1024,256,16,2,True,cuda,0.0010558676719665528,35782656,139776
273,1,1024,256,16,2,False,cuda,0.0006741189956665039,17629184,68864
274,1,1024,256,16,4,True,cuda,0.001734325885772705,39059456,152576
275,1,1024,256,16,4,False,cuda,0.0011346650123596192,18743296,73216
276,1,1024,256,64,2,True,cuda,0.0013822770118713378,168296448,657408
277,1,1024,256,64,2,False,cuda,0.000996999740600586,79953920,312320
278,1,1024,256,64,4,True,cuda,0.002053184509277344,219152384,856064
279,1,1024,256,64,4,False,cuda,0.0012466621398925782,96993280,378880
280,1,1024,256,256,2,True,cuda,0.011167018413543702,1075838976,4202496
281,1,1024,256,256,2,False,cuda,0.006544394493103027,470810624,1839104
282,1,1024,256,256,4,True,cuda,0.0178085732460022,1883242496,7356416
283,1,1024,256,256,4,False,cuda,0.008566112518310546,740294656,2891776
284,1,1024,256,1024,2,True,cuda,0.07483108282089233,10745806848,41975808
285,1,1024,256,1024,2,False,cuda,0.03781952142715454,4299161600,16793600
286,1,1024,256,1024,4,True,cuda,0.15178484201431275,23639097344,92340224
287,1,1024,256,1024,4,False,cuda,0.07315301656723022,8598323200,33587200
288,1,1024,1024,16,2,True,cuda,0.004052131175994873,143130624,139776
289,1,1024,1024,16,2,False,cuda,0.002820699214935303,70516736,68864
290,1,1024,1024,16,4,True,cuda,0.006516003608703613,156237824,152576
291,1,1024,1024,16,4,False,cuda,0.003934133052825928,74973184,73216
292,1,1024,1024,64,2,True,cuda,0.00477616548538208,673185792,657408
293,1,1024,1024,64,2,False,cuda,0.003043394088745117,319815680,312320
294,1,1024,1024,64,4,True,cuda,0.006910545825958252,876609536,856064
295,1,1024,1024,64,4,False,cuda,0.004257142543792725,387973120,378880
296,1,1024,1024,256,2,True,cuda,0.03286795854568481,4303355904,4202496
297,1,1024,1024,256,2,False,cuda,0.01651925325393677,1883242496,1839104
298,1,1024,1024,256,4,True,cuda,0.056942529678344726,7532969984,7356416
299,1,1024,1024,256,4,False,cuda,0.044690909385681155,2961178624,2891776
300,1,1024,1024,1024,2,True,cuda,0.29470067501068115,42983227392,41975808
301,1,1024,1024,1024,2,False,cuda,0.1505786657333374,17196646400,16793600
302,1,1024,1024,1024,4,True,cuda,0.5931433701515197,94556389376,92340224
303,1,1024,1024,1024,4,False,cuda,0.2875768065452576,34393292800,33587200
304,1,1024,2048,16,2,True,cuda,0.006583151817321778,286261248,139776
305,1,1024,2048,16,2,False,cuda,0.003975751399993896,141033472,68864
306,1,1024,2048,16,4,True,cuda,0.010635032653808593,312475648,152576
307,1,1024,2048,16,4,False,cuda,0.005942549705505371,149946368,73216
308,1,1024,2048,64,2,True,cuda,0.007251663208007813,1346371584,657408
309,1,1024,2048,64,2,False,cuda,0.00429210901260376,639631360,312320
310,1,1024,2048,64,4,True,cuda,0.012197070121765137,1753219072,856064
311,1,1024,2048,64,4,False,cuda,0.00662431001663208,775946240,378880
312,1,1024,2048,256,2,True,cuda,0.06808476686477662,8606711808,4202496
313,1,1024,2048,256,2,False,cuda,0.03269477367401123,3766484992,1839104
314,1,1024,2048,256,4,True,cuda,0.12286940097808838,15065939968,7356416
315,1,1024,2048,256,4,False,cuda,0.06698437452316285,5922357248,2891776
316,1,1024,2048,1024,2,True,cuda,0.5861130499839783,85966454784,41975808
317,1,1024,2048,1024,2,False,cuda,0.3005149626731873,34393292800,16793600
318,1,1024,2048,1024,4,True,cuda,1.1790511560440065,189112778752,92340224
319,1,1024,2048,1024,4,False,cuda,0.573892867565155,68786585600,33587200
320,1,2048,16,16,2,True,cuda,0.00032115697860717773,4333568,270848
321,1,2048,16,16,2,False,cuda,0.00023465871810913086,2150400,134400
322,1,2048,16,16,4,True,cuda,0.00031178712844848633,4538368,283648
323,1,2048,16,16,4,False,cuda,0.0003026580810546875,2220032,138752
324,1,2048,16,64,2,True,cuda,0.0003194522857666016,18907136,1181696
325,1,2048,16,64,2,False,cuda,0.000231320858001709,9191424,574464
326,1,2048,16,64,4,True,cuda,0.0004617428779602051,22085632,1380352
327,1,2048,16,64,4,False,cuda,0.000286102294921875,10256384,641024
328,1,2048,16,256,2,True,cuda,0.000808563232421875,100794368,6299648
329,1,2048,16,256,2,False,cuda,0.0006861591339111328,46202880,2887680
330,1,2048,16,256,4,True,cuda,0.0013845157623291015,151257088,9453568
331,1,2048,16,256,4,False,cuda,0.0009932851791381837,63045632,3940352
332,1,2048,16,1024,2,True,cuda,0.005520505905151367,805830656,50364416
333,1,2048,16,1024,2,False,cuda,0.0032903003692626954,335806464,20987904
334,1,2048,16,1024,4,True,cuda,0.010967047214508056,1611661312,100728832
335,1,2048,16,1024,4,False,cuda,0.005947098731994629,604504064,37781504
336,1,2048,64,16,2,True,cuda,0.0004991865158081054,17334272,270848
337,1,2048,64,16,2,False,cuda,0.0003110504150390625,8601600,134400
338,1,2048,64,16,4,True,cuda,0.0005839061737060547,18153472,283648
339,1,2048,64,16,4,False,cuda,0.00039766788482666017,8880128,138752
340,1,2048,64,64,2,True,cuda,0.0005406546592712403,75628544,1181696
341,1,2048,64,64,2,False,cuda,0.00038524866104125974,36765696,574464
342,1,2048,64,64,4,True,cuda,0.0007665491104125976,88342528,1380352
343,1,2048,64,64,4,False,cuda,0.0005013084411621093,41025536,641024
344,1,2048,64,256,2,True,cuda,0.0023797297477722167,403177472,6299648
345,1,2048,64,256,2,False,cuda,0.0014004158973693849,184811520,2887680
346,1,2048,64,256,4,True,cuda,0.004155416488647461,605028352,9453568
347,1,2048,64,256,4,False,cuda,0.00250483512878418,252182528,3940352
348,1,2048,64,1024,2,True,cuda,0.019482996463775635,3223322624,50364416
349,1,2048,64,1024,2,False,cuda,0.01069629669189453,1343225856,20987904
350,1,2048,64,1024,4,True,cuda,0.039516093730926516,6446645248,100728832
351,1,2048,64,1024,4,False,cuda,0.020462651252746582,2418016256,37781504
352,1,2048,256,16,2,True,cuda,0.0013091158866882324,69337088,270848
353,1,2048,256,16,2,False,cuda,0.0009115910530090332,34406400,134400
354,1,2048,256,16,4,True,cuda,0.0018355154991149902,72613888,283648
355,1,2048,256,16,4,False,cuda,0.001156611442565918,35520512,138752
356,1,2048,256,64,2,True,cuda,0.0014718174934387207,302514176,1181696
357,1,2048,256,64,2,False,cuda,0.0009842801094055176,147062784,574464
358,1,2048,256,64,4,True,cuda,0.002217874526977539,353370112,1380352
359,1,2048,256,64,4,False,cuda,0.0013081836700439453,164102144,641024
360,1,2048,256,256,2,True,cuda,0.011719567775726318,1612709888,6299648
361,1,2048,256,256,2,False,cuda,0.007072155475616455,739246080,2887680
362,1,2048,256,256,4,True,cuda,0.02029754638671875,2420113408,9453568
363,1,2048,256,256,4,False,cuda,0.013433332443237305,1008730112,3940352
364,1,2048,256,1024,2,True,cuda,0.07600950956344604,12893290496,50364416
365,1,2048,256,1024,2,False,cuda,0.03837390422821045,5372903424,20987904
366,1,2048,256,1024,4,True,cuda,0.15301625967025756,25786580992,100728832
367,1,2048,256,1024,4,False,cuda,0.07386736869812012,9672065024,37781504
368,1,2048,1024,16,2,True,cuda,0.003563370704650879,277348352,270848
369,1,2048,1024,16,2,False,cuda,0.00223940372467041,137625600,134400
370,1,2048,1024,16,4,True,cuda,0.005527877807617187,290455552,283648
371,1,2048,1024,16,4,False,cuda,0.003291304111480713,142082048,138752
372,1,2048,1024,64,2,True,cuda,0.004055523872375488,1210056704,1181696
373,1,2048,1024,64,2,False,cuda,0.002367360591888428,588251136,574464
374,1,2048,1024,64,4,True,cuda,0.00656543493270874,1413480448,1380352
375,1,2048,1024,64,4,False,cuda,0.0036815953254699706,656408576,641024
376,1,2048,1024,256,2,True,cuda,0.044570207595825195,6450839552,6299648
377,1,2048,1024,256,2,False,cuda,0.030508031845092775,2956984320,2887680
378,1,2048,1024,256,4,True,cuda,0.06377215385437011,9680453632,9453568
379,1,2048,1024,256,4,False,cuda,0.03863067865371704,4034920448,3940352
380,1,2048,1024,1024,2,True,cuda,0.2985804891586304,51573161984,50364416
381,1,2048,1024,1024,2,False,cuda,0.15309192419052123,21491613696,20987904
382,1,2048,1024,1024,4,True,cuda,0.596987202167511,103146323968,100728832
383,1,2048,1024,1024,4,False,cuda,0.2904916453361511,38688260096,37781504
384,1,2048,2048,16,2,True,cuda,0.0068021702766418455,554696704,270848
385,1,2048,2048,16,2,False,cuda,0.005058205127716065,275251200,134400
386,1,2048,2048,16,4,True,cuda,0.012140350341796875,580911104,283648
387,1,2048,2048,16,4,False,cuda,0.007218718528747559,284164096,138752
388,1,2048,2048,64,2,True,cuda,0.008858306407928467,2420113408,1181696
389,1,2048,2048,64,2,False,cuda,0.004395308494567871,1176502272,574464
390,1,2048,2048,64,4,True,cuda,0.012687249183654785,2826960896,1380352
391,1,2048,2048,64,4,False,cuda,0.006832046508789063,1312817152,641024
392,1,2048,2048,256,2,True,cuda,0.05759145975112915,12901679104,6299648
393,1,2048,2048,256,2,False,cuda,0.04269216299057007,5913968640,2887680
394,1,2048,2048,256,4,True,cuda,0.12072438478469849,19360907264,9453568
395,1,2048,2048,256,4,False,cuda,0.0716045618057251,8069840896,3940352
396,1,2048,2048,1024,2,True,cuda,0.5931520962715149,103146323968,50364416
397,1,2048,2048,1024,2,False,cuda,0.30615997791290284,42983227392,20987904
398,1,2048,2048,1024,4,True,cuda,1.1857559514045715,206292647936,100728832
399,1,2048,2048,1024,4,False,cuda,0.5783859658241272,77376520192,37781504
